Faculty/Portfolio,School/Division,Organisational Unit Title
Chief Financial Officer and Senior Vice-President,Financial Resources Management Division,
Chief Financial Officer and Senior Vice-President,Strategic Procurement,
Chief Financial Officer and Senior Vice-President,Business Strategy,
Chief Financial Officer and Senior Vice-President,Office of the Deputy Chief Financial Officer and Executive Director Corporate Finance Division,
Chief Financial Officer and Senior Vice-President,Capital Financing,
Chief Financial Officer and Senior Vice-President,Office of the Chief Financial Officer and Senior Vice-President,
Chief Operating Officer and Senior Vice-President,Student and Education Business Services,
Chief Operating Officer and Senior Vice-President,University Marketing Admissions and Communications (UMAC),
Chief Operating Officer and Senior Vice-President,Office of the Pro Vice-Chancellor (Major Campuses and Student Engagement),
Chief Operating Officer and Senior Vice-President,Planning and Commercial Services,
Chief Operating Officer and Senior Vice-President,Monash HR,
Chief Operating Officer and Senior Vice-President,Buildings and Property Division,
Chief Operating Officer and Senior Vice-President,Office of the Chief Operating Officer and Senior Vice-President,
Chief Operating Officer and Senior Vice-President,Student Conduct and Complaints,
Chief Operating Officer and Senior Vice-President,Campus Community Division,
Chief Operating Officer and Senior Vice-President,Office of the General Counsel,
eSolutions and Student Services,Student and Education Business Services,
eSolutions and Student Services,eSolutions,
eSolutions and Student Services,Flexible Administration Services Team (FAST),
eSolutions and Student Services,Monash Connect,
eSolutions and Student Services,Operational Resilience,
eSolutions and Student Services,eSolutions and Student Services,
eSolutions and Student Services,Strategic Operations,
eSolutions and Student Services,Enterprise Systems,
Faculty of Art Design and Architecture,Multimedia and Digital Arts,
Faculty of Art Design and Architecture,Department of Architecture,
Faculty of Art Design and Architecture,Dean Faculty of Art Design and Architecture,
Faculty of Art Design and Architecture,Department of Design,
Faculty of Art Design and Architecture,Art and Design Faculty Administrative Services,
Faculty of Art Design and Architecture,Department of Fine Art,
Faculty of Arts,Arts Research Graduate Sch,
Faculty of Arts,School of Media Film and Journalism,
Faculty of Arts,Centre for Theatre and Performance,
Faculty of Arts,Dean Faculty of Arts,
Faculty of Arts,Monash Indigenous Studies Centre (MISC),
Faculty of Arts,School of Languages Literature Cultures and Linguistics,
Faculty of Arts,Sir Zelman Cowen School of Music and Performance,
Faculty of Arts,Arts Faculty Office,
Faculty of Arts,School of Philosophical Historical and International Studies (SOPHIS),
Faculty of Arts,Monash Asia Institute,
Faculty of Arts,School of Social Sciences,
Faculty of Business and Economics,Business and Economics Finance Services,
Faculty of Business and Economics,Dean Faculty of Business and Economics,
Faculty of Business and Economics,Business and Economics Faculty Office,
Faculty of Business and Economics,Department of Management,
Faculty of Business and Economics,Department of Economics,
Faculty of Business and Economics,Department of Econometrics and Business Statistics,
Faculty of Business and Economics,MBA Program,
Faculty of Business and Economics,Department of Accounting,
Faculty of Business and Economics,Banking and Finance,
Faculty of Business and Economics,Monash Business School,
Faculty of Business and Economics,Business Law and Taxation,
Faculty of Business and Economics,Monash Centre for Financial Studies,
Faculty of Business and Economics,Impact Labs,
Faculty of Business and Economics,Centre for Health Economics,
Faculty of Business and Economics,Business and Economics External Engagement,
Faculty of Business and Economics,Department of Marketing,
Faculty of Business and Economics,Centre for Global Business,
Faculty of Business and Economics,Centre for Development Economics and Sustainability,
Faculty of Education,Elwyn Morey Centre,
Faculty of Education,Education Professional Experience,
Faculty of Education,Globalization Leadership and Policy,
Faculty of Education,Educational Psychology & Inclusive Education,
Faculty of Education,Edu Marketing and Student Recruitment,
Faculty of Education,Teacher Education Language Arts and Professional Learning,
Faculty of Education,Education Peninsula,
Faculty of Education,Education Faculty Activities,
Faculty of Education,Curriculum and Pedagogy,
Faculty of Education,Education Development and External Relations,
Faculty of Education,Maths Science and Technology,
Faculty of Education,Education Education Services,
Faculty of Education,Early Years,
Faculty of Education,Dean Faculty of Education,
Faculty of Education,School of Curriculum Teaching and Inclusive Education,
Faculty of Education,Education Faculty Development Office,
Faculty of Education,Education Financial Planning and Budgeting,
Faculty of Education,Education Psychology Activities,
Faculty of Education,Education Admissions and Student Services,
Faculty of Education,Education Campus Support,
Faculty of Education,Education Clayton,
Faculty of Education,Education Professional Practice,
Faculty of Education,School of Educational Psychology and Counselling,
Faculty of Education,Krongold Clinic,
Faculty of Education,Education Research Services,
Faculty of Education,School of Education Culture and Society,
Faculty of Engineering,Civil Engineering,
Faculty of Engineering,Materials Science and Engineering,
Faculty of Engineering,Engineering Academic and Student Services,
Faculty of Engineering,Engineering Finance and Resources,
Faculty of Engineering,Electrical and Computer Systems Engineering,
Faculty of Engineering,Chemical and Biological Engineering,
Faculty of Engineering,Engineering Office of the Dean,
Faculty of Engineering,ARC NanoComm Hub,
Faculty of Engineering,Mechanical and Aerospace Engineering,
Faculty of Engineering,Dean Faculty of Engineering,
Faculty of Engineering,Engineering Marketing and Student Recruitment,
Faculty of Engineering,Monash Institute of Medical Engineering MIME,
Faculty of Information Technology,Information Technology Faculty Office,
Faculty of Information Technology,Department of Software Systems and Cybersecurity,
Faculty of Information Technology,Dean Faculty of Information Technology,
Faculty of Information Technology,Department of Human Centred Computing,
Faculty of Information Technology,Department of Data Science and Artificial Intelligence,
Faculty of Information Technology,Information Technology Education (ED),
Faculty of Information Technology,Monash Energy Institute,
Faculty of Information Technology,Community Organisational and Social Informatics (COSI),
Faculty of Law,Springvale Monash Legal Services,
Faculty of Law,Law Research Services,
Faculty of Law,Law Finance and Resources,
Faculty of Law,Law Marketing and Engagement Services,
Faculty of Law,Law Experiential Education,
Faculty of Law,Law Education Services,
Faculty of Law,Dean Faculty of Law,
Faculty of Law,Law Faculty Office,
Faculty of Law,Law Resources,
Faculty of Law,Castan Centre for Human Rights Law,
Faculty of Medicine Nursing and Health Sciences,Eastern Health Clinical School,
Faculty of Medicine Nursing and Health Sciences,Centre to Impact Antimicrobial Resistance,
Faculty of Medicine Nursing and Health Sciences,Sub Faculty of Clinical and Molecular Medicine,
Faculty of Medicine Nursing and Health Sciences,Faculty of Medicine Nursing and Health Sciences Research Platforms,
Faculty of Medicine Nursing and Health Sciences,School of Primary and Allied Health Care,
Faculty of Medicine Nursing and Health Sciences,School of Rural Health,
Faculty of Medicine Nursing and Health Sciences,School of Biomedical Sciences,
Faculty of Medicine Nursing and Health Sciences,Australian Regenerative Medicine Institute,
Faculty of Medicine Nursing and Health Sciences,Sub Faculty of Health Sciences,
Faculty of Medicine Nursing and Health Sciences,School of Public Health and Preventive Medicine,
Faculty of Medicine Nursing and Health Sciences,School of Clinical Sciences at Monash Health,
Faculty of Medicine Nursing and Health Sciences,Central Clinical School,
Faculty of Medicine Nursing and Health Sciences,Dean Faculty of Medicine Nursing and Health Sciences,
Faculty of Medicine Nursing and Health Sciences,School of Nursing and Midwifery,
Faculty of Medicine Nursing and Health Sciences,MARP Directorate,
Faculty of Medicine Nursing and Health Sciences,Monash Institute of Medical Research,
Faculty of Medicine Nursing and Health Sciences,Sub Faculty of Translational Medicine and Public Health,
Faculty of Medicine Nursing and Health Sciences,School of Psychological Sciences,
Faculty of Medicine Nursing and Health Sciences,Medicine Nursing and Health Sciences Faculty Office,
Faculty of Pharmacy and Pharmaceutical Sciences,Neuromedicines Discovery Centre (NDC),
Faculty of Pharmacy and Pharmaceutical Sciences,Pharmacy and Pharmaceutical Sciences Education,
Faculty of Pharmacy and Pharmaceutical Sciences,Centre for Drug Candidate Optimisation,
Faculty of Pharmacy and Pharmaceutical Sciences,Experiential Development and Graduate Education,
Faculty of Pharmacy and Pharmaceutical Sciences,Centre for Medicine Use and Safety (CMUS),
Faculty of Pharmacy and Pharmaceutical Sciences,Dean Faculty of Pharmacy and Pharmaceutical Sciences,
Faculty of Pharmacy and Pharmaceutical Sciences,Medicinal Chemistry,
Faculty of Pharmacy and Pharmaceutical Sciences,Drug Discovery Biology,
Faculty of Pharmacy and Pharmaceutical Sciences,Pharmacy and Pharmaceutical Sciences Faculty Office,
Faculty of Pharmacy and Pharmaceutical Sciences,Drug Delivery Disposition and Dynamics,
Faculty of Science,School of Physics and Astronomy,
Faculty of Science,Securing Antarcticas Environmental Future (SAEF),
Faculty of Science,Science Faculty Office,
Faculty of Science,School of Earth Atmosphere and Environment,
Faculty of Science,The Monash Academy for Cross and Interdisciplinary Mathematical Applications (MAXIMA),
Faculty of Science,School of Mathematics,
Faculty of Science,School of Biological Sciences,
Faculty of Science,Dean Faculty of Science,
Faculty of Science,School of Chemistry,
Federation University Australia Gippsland,Federation University Australia Gippsland Residential Services,
Federation University Australia Gippsland,Federation University Australia Gippsland School of Information Technology,
Miscellaneous,Federation University Australia Gippsland,
Monash Affiliated Organisations,Mannix College,
Monash Affiliated Organisations,Victorian Tertiary Admissions Centre VTAC,
Monash Affiliated Organisations,Monash Tech School,
Monash Affiliated Organisations,John Monash Science School,
Monash Controlled Entities,Monash University European Research Foundation (MUERF),
Monash Controlled Entities,WMP Ltd,
Monash Controlled Entities,Monash College Pty Ltd,
Monash Student Organisations,Monash Student Association MSA,
Monash Student Organisations,Monash Student Union MONSU Peninsula,
Monash Student Organisations,Monash Postgraduate Association MPA,
Provost and Senior Vice-President,CRC for Water Sensitive Cities Ltd,
Provost and Senior Vice-President,Office of the Pro Vice-Chancellor (International),
Provost and Senior Vice-President,Office of the Vice-Provost (Academic Affairs),
Provost and Senior Vice-President,Institute of Vector Borne Disease (IVbD),
Provost and Senior Vice-President,Monash Sustainable Development Institute,
Provost and Senior Vice-President,Graduate Research Office,
Provost and Senior Vice-President,Monash University Library,
Provost and Senior Vice-President,Office of the Provost and Senior Vice-President,
Vice-Chancellor and President,Executive Services,
Vice-Chancellor and President,Advancement,
Vice-Chancellor and President,Risk and Compliance Unit,
Vice-Chancellor and President,Office of the Deputy Vice-Chancellor (Enterprise and Engagement) and Senior Vice-President,
Vice-Chancellor and President,Office of the Deputy Vice Chancellor (Research) and Senior Vice President,
Vice-Chancellor and President,Office of the Pro Vice-Chancellor (Indonesia),
Vice-Chancellor and President,Monash University Museum of Art,
Vice-Chancellor and President,Office of the Pro Vice-Chancellor (International),
Vice-Chancellor and President,Monash University Performing Arts Centres Operations,
Vice-Chancellor and President,Internal Audit,
Vice-Chancellor and President,Office of the Vice-Chancellor and President,
Vice-Chancellor and President,Office of the Pro Vice-Chancellor and President (Suzhou),
Vice-Chancellor and President,Office of the Deputy Vice-Chancellor (Education) and Senior Vice-President,
Vice-President (Services),Buildings and Property Division,
Vice-President (Services),Office of the Vice-President (Services),
Provost and Senior Vice-President,Monash University Library,360info
eSolutions and Student Services,eSolutions,Academic and Data Technology Services
eSolutions and Student Services,eSolutions,Academic and Data Technology Services Product Management
Chief Operating Officer and Senior Vice-President,Student and Education Business Services,Academic Dress
Vice-Chancellor and President,Office of the Deputy Vice-Chancellor (Education) and Senior Vice-President,Academic Programs and Governance
eSolutions and Student Services,Student Services,Academic Services and Analytics
Provost and Senior Vice-President,Monash University Library,Academic Services Division
Chief Operating Officer and Senior Vice-President,Monash HR,Access HR
Vice-Chancellor and President,Office of the Deputy Vice-Chancellor (Education) and Senior Vice-President,Access Inclusion and Success
Faculty of Medicine Nursing and Health Sciences,School of Public Health and Preventive Medicine,Acute and Critical Care
Faculty of Medicine Nursing and Health Sciences,Eastern Health Clinical School,Addiction Research Centre
Chief Operating Officer and Senior Vice-President,University Marketing Admissions and Communications (UMAC),Admissions
Chief Operating Officer and Senior Vice-President,Office of Student Recruitment and Admissions,Admissions
Vice-Chancellor and President,Advancement,Advancement Events
Vice-Chancellor and President,Advancement,Advancement Operations
Vice-Chancellor and President,Advancement,Alumni Engagement
Faculty of Medicine Nursing and Health Sciences,Central Clinical School,Anaesthesia Teaching and Research
Faculty of Medicine Nursing and Health Sciences,School of Biomedical Sciences,Anatomy and Developmental Biology
Faculty of Arts,School of Social Sciences,Anthropology
Faculty of Medicine Nursing and Health Sciences,Australian Regenerative Medicine Institute,ARMI (Sys Int Purposes)
Faculty of Arts,Arts Faculty Office,Arts Academic Services
Faculty of Arts,Arts Faculty Office,Arts Alumni and External Engagement
Faculty of Arts,Arts Faculty Office,Arts Educational Design
Faculty of Arts,Arts Faculty Office,Arts Engagement and Marketing Services
Faculty of Arts,Arts Faculty Office,Arts Facilities and Resources
Faculty of Arts,Arts Faculty Office,Arts Finance Resources and Planning
Faculty of Arts,Arts Faculty Office,Arts Global Programs
Faculty of Arts,Arts Faculty Office,Arts Planning and Performance
Faculty of Arts,Arts Faculty Office,Arts Research and Business Development
Faculty of Arts,Arts Faculty Office,Arts School Support
Faculty of Arts,Arts Faculty Office,Arts Student Support
Chief Financial Officer and Senior Vice-President,Office of the Deputy Chief Financial Officer and Executive Director Corporate Finance Division,Assets Accounting
eSolutions and Student Services,eSolutions,Audiovisual Engineering and Projects
eSolutions and Student Services,eSolutions,Audiovisual Operations
Provost and Senior Vice-President,Office of the Pro Vice-Chancellor (International),Australia-Indonesia Centre
Vice-Chancellor and President,Office of the Pro Vice-Chancellor (International),Australia-Indonesia Centre
Faculty of Medicine Nursing and Health Sciences,Central Clinical School,Australian Centre for Blood Diseases
Faculty of Arts,School of Philosophical Historical and International Studies (SOPHIS),Australian Centre for Jewish Civilisation
Faculty of Arts,School of Philosophical Historical and International Studies (SOPHIS),Australian Indigenous Archaeology
Provost and Senior Vice-President,Office of the Vice-Provost (Research and Research Infrastructure),Australian Research Data Commons (ARDC)
Vice-Chancellor and President,Office of the Deputy Vice Chancellor (Research) and Senior Vice President,Australian Research Data Commons (ARDC)
Faculty of Arts,School of Media Film and Journalism,Bachelor of Media Communications
Provost and Senior Vice-President,Monash Sustainable Development Institute,BehaviourWorks Australia
Vice-Chancellor and President,Office of the Deputy Vice Chancellor (Research) and Senior Vice President,BehaviourWorks Australia
Faculty of Medicine Nursing and Health Sciences,School of Biomedical Sciences,Biochemistry and Molecular Biology
Faculty of Medicine Nursing and Health Sciences,School of Biomedical Sciences,Biomedical Sciences Teaching
Faculty of Medicine Nursing and Health Sciences,Medicine Nursing and Health Sciences Faculty Office,BMedSc MD
Chief Operating Officer and Senior Vice-President,Buildings and Property Division,BPD Business Support
Vice-President (Services),Buildings and Property Division,BPD Business Support
Chief Operating Officer and Senior Vice-President,Buildings and Property Division,BPD Customer and Commercial
Chief Operating Officer and Senior Vice-President,Buildings and Property Division,BPD Planning
Vice-President (Services),Buildings and Property Division,BPD Planning
Chief Operating Officer and Senior Vice-President,Buildings and Property Division,BPD Projects
Vice-President (Services),Buildings and Property Division,BPD Projects
Chief Operating Officer and Senior Vice-President,Buildings and Property Division,BPD Services
Vice-President (Services),Buildings and Property Division,BPD Services
Faculty of Business and Economics,Business and Economics Faculty Office,Business and Economics Education Services
Faculty of Business and Economics,Business and Economics Faculty Office,Business and Economics Engagement Services
Faculty of Business and Economics,Business and Economics Faculty Office,Business and Economics Operational Services
Faculty of Business and Economics,Business and Economics Faculty Office,Business and Economics Performance and Quality Services
Faculty of Business and Economics,Business and Economics Faculty Office,Business and Economics Research Services
Faculty of Business and Economics,Business and Economics Faculty Office,Business and Economics Student Services
Vice-Chancellor and President,Office of the Pro Vice-Chancellor (Indonesia),Business Innovation Indonesia
eSolutions and Student Services,eSolutions,Business Intelligence and Analytics
eSolutions and Student Services,eSolutions,Business Performance
eSolutions and Student Services,eSolutions,Business Relationship Management
eSolutions and Student Services,eSolutions,Campus Enablement
Chief Operating Officer and Senior Vice-President,Campus Community Division,Campus Engagement
Vice-President (Services),Campus Community Division,Campus Engagement
Faculty of Business and Economics,Business and Economics Faculty Office,Capstone
eSolutions and Student Services,Monash Connect,Career Connect
eSolutions and Student Services,Student Services,Career Connect
Vice-President (Services),Campus Community Division,Career Connect
Provost and Senior Vice-President,Monash University Library,Caulfield Library
eSolutions and Student Services,eSolutions,Caulfield Service Centre
Faculty of Medicine Nursing and Health Sciences,Central Clinical School,Central Clincal School Clinical Trials
Faculty of Arts,School of Philosophical Historical and International Studies (SOPHIS),Centre for Consciousness and Contemplative Studies
Faculty of Medicine Nursing and Health Sciences,School of Clinical Sciences at Monash Health,Centre for Inflammatory Disease Monash Health
Faculty of Arts,School of Languages Literature Cultures and Linguistics,Centre for Japanese Language Education
Faculty of Arts,School of Social Sciences,Centre for Migration and Inclusion
Faculty of Medicine Nursing and Health Sciences,Central Clinical School,Centre for Obesity Research and Education
Faculty of Science,School of Mathematics,Centre for Quantitative Finance and Investment Strategies
Faculty of Arts,School of Philosophical Historical and International Studies (SOPHIS),Centre for Religious Studies
Faculty of Arts,Sir Zelman Cowen School of Music and Performance,Centre for Theatre and Performance
Faculty of Arts,School of Languages Literature Cultures and Linguistics,Chinese Studies
Faculty of Medicine Nursing and Health Sciences,School of Public Health and Preventive Medicine,Chronic Disease and Ageing
eSolutions and Student Services,eSolutions,City Service Centre
Provost and Senior Vice-President,Monash Sustainable Development Institute,Climateworks Centre
Vice-Chancellor and President,Office of the Deputy Vice Chancellor (Research) and Senior Vice President,Climateworks Centre
Vice-Chancellor and President,Office of the Deputy Vice Chancellor (Research) and Senior Vice President,Climateworks Centre Operations
Vice-Chancellor and President,Office of the Deputy Vice Chancellor (Research) and Senior Vice President,Climateworks Engagement and Partnerships
Vice-Chancellor and President,Office of the Deputy Vice Chancellor (Research) and Senior Vice President,Climateworks Program Delivery
Vice-Chancellor and President,Office of the Deputy Vice Chancellor (Research) and Senior Vice President,Climateworks Strategy
Faculty of Medicine Nursing and Health Sciences,School of Public Health and Preventive Medicine,Clinical Registries
Faculty of Medicine Nursing and Health Sciences,School of Public Health and Preventive Medicine,Clinical Trials and Cohort Studies
Provost and Senior Vice-President,Monash University Library,Collections and Technology Division
Chief Operating Officer and Senior Vice-President,University Marketing Admissions and Communications (UMAC),Communications and Community
Faculty of Arts,School of Media Film and Journalism,Communications and Media Studies
Chief Operating Officer and Senior Vice-President,Campus Community Division,Community Safety and Security
Vice-President (Services),Campus Community Division,Community Safety and Security
Faculty of Arts,Sir Zelman Cowen School of Music and Performance,Composition and Music Technology
eSolutions and Student Services,Strategic Operations,Contracts and Commercial Solutions
Chief Operating Officer and Senior Vice-President,Campus Community Division,Counselling and Mental Health Programs
Vice-President (Services),Campus Community Division,Counselling and Mental Health Programs
eSolutions and Student Services,Monash Connect,Coursework Scholarships Unit
Vice-Chancellor and President,Office of the Deputy Vice-Chancellor (Education) and Senior Vice-President,Cranlana Centre for Ethical Leadership
Faculty of Arts,School of Social Sciences,Criminology
Faculty of Medicine Nursing and Health Sciences,School of Biomedical Sciences,Cryo Electron Microscopy (CryoEM)
Chief Operating Officer and Senior Vice-President,Monash HR,Culture and Engagement
eSolutions and Student Services,eSolutions,Customer Relationship Management
eSolutions and Student Services,eSolutions,Cyber Risk and Resilience
eSolutions and Student Services,eSolutions,Data Engineering Services
Vice-Chancellor and President,Office of the Pro Vice-Chancellor (Indonesia),Data Science Indonesia
Chief Operating Officer and Senior Vice-President,University Marketing Admissions and Communications (UMAC),Demand Generation and Audience Marketing
Faculty of Medicine Nursing and Health Sciences,Central Clinical School,Department of Diabetes
Faculty of Medicine Nursing and Health Sciences,School of Public Health and Preventive Medicine,Department of Epidemiology and Preventive Medicine Alfred Hospital
Faculty of Medicine Nursing and Health Sciences,Sub Faculty of Translational Medicine and Public Health,Department of Epidemiology and Preventive Medicine Alfred Hospital
Faculty of Medicine Nursing and Health Sciences,School of Public Health and Preventive Medicine,Department of Forensic Medicine
Faculty of Medicine Nursing and Health Sciences,Central Clinical School,Department of Gastroenterology
Faculty of Medicine Nursing and Health Sciences,School of Public Health and Preventive Medicine,Department of General Practice
Faculty of Medicine Nursing and Health Sciences,School of Primary and Allied Health Care,Department of General Practice
Faculty of Medicine Nursing and Health Sciences,Central Clinical School,Department of Infectious Diseases
Faculty of Medicine Nursing and Health Sciences,Central Clinical School,Department of Neuroscience
Faculty of Medicine Nursing and Health Sciences,School of Primary and Allied Health Care,Department of Paramedicine
Faculty of Medicine Nursing and Health Sciences,Central Clinical School,Department of Psychiatry (CCS)
Faculty of Medicine Nursing and Health Sciences,School of Clinical Sciences at Monash Health,Department of Radiology and Radiological Sciences
Faculty of Arts,School of Languages Literature Cultures and Linguistics,Department of Tourism
Vice-Chancellor and President,Advancement,Development
eSolutions and Student Services,eSolutions,Digital Transformation
Chief Operating Officer and Senior Vice-President,Campus Community Division,Disability Support Services
Provost and Senior Vice-President,Monash University Library,Document Delivery Services
Chief Operating Officer and Senior Vice-President,Office of Student Recruitment and Admissions,Domestic Student Recruitment
Chief Operating Officer and Senior Vice-President,University Marketing Admissions and Communications (UMAC),Domestic Student Recruitment
eSolutions and Student Services,eSolutions,eAssessment Service Centre
eSolutions and Student Services,Student Services,eAssessment Support
Faculty of Medicine Nursing and Health Sciences,Eastern Health Clinical School,Eastern Clinical Research Unit
Vice-Chancellor and President,Office of the Deputy Vice-Chancellor (Education) and Senior Vice-President,Education Development Unit
Vice-Chancellor and President,Office of the Deputy Vice-Chancellor (Education) and Senior Vice-President,Education Impact
Vice-Chancellor and President,Office of the Deputy Vice-Chancellor (Education) and Senior Vice-President,Education Policy and Projects
Faculty of Medicine Nursing and Health Sciences,Eastern Health Clinical School,EHCS Research
Faculty of Arts,School of Languages Literature Cultures and Linguistics,English As An International Language
Chief Operating Officer and Senior Vice-President,Campus Community Division,English Connect
Chief Operating Officer and Senior Vice-President,Student and Education Business Services,Enrolment and Graduation
eSolutions and Student Services,Monash Connect,Enrolment and Graduation
eSolutions and Student Services,Student Services,Enrolment and Graduation
eSolutions and Student Services,eSolutions,Enterprise Engineering
Vice-Chancellor and President,Office of the Deputy Vice-Chancellor (Enterprise and Engagement) and Senior Vice-President,Enterprise Innovation
eSolutions and Student Services,eSolutions,eResearch
eSolutions and Student Services,eSolutions,eSolutions Administrative and Business Support
Faculty of Arts,School of Languages Literature Cultures and Linguistics,European Languages
Faculty of Medicine Nursing and Health Sciences,School of Public Health and Preventive Medicine,Evidence Synthesis Qualitative and Implementation Methods
Chief Operating Officer and Senior Vice-President,Student and Education Business Services,Examinations
eSolutions and Student Services,eSolutions,Examinations
eSolutions and Student Services,Student Services,Examinations
Provost and Senior Vice-President,Monash University Library,Excellence and Engagement
Vice-Chancellor and President,Office of the Deputy Vice-Chancellor (Enterprise and Engagement) and Senior Vice-President,Executive Services
Miscellaneous,Federation University Australia Gippsland,Federation University Australia Gippsland Academic Services Unit
Miscellaneous,Federation University Australia Gippsland,Federation University Australia Gippsland Econometrics and Business Statistics
Miscellaneous,Federation University Australia Gippsland,Federation University Australia Gippsland Education
Miscellaneous,Federation University Australia Gippsland,Federation University Australia Gippsland Library
Miscellaneous,Federation University Australia Gippsland,Federation University Australia Gippsland Maintenance Minor Works and Grounds
Miscellaneous,Federation University Australia Gippsland,Federation University Australia Gippsland Management
Miscellaneous,Federation University Australia Gippsland,Federation University Australia Gippsland Marketing
Miscellaneous,Federation University Australia Gippsland,Federation University Australia Gippsland Nursing and Midwifery
Miscellaneous,Federation University Australia Gippsland,Federation University Australia Gippsland Residential Services
Miscellaneous,Federation University Australia Gippsland,Federation University Australia Gippsland School of Applied Media and Social Sciences
Miscellaneous,Federation University Australia Gippsland,Federation University Australia Gippsland School of Applied Sciences and Engineering
Miscellaneous,Federation University Australia Gippsland,Federation University Australia Gippsland School of Information Technology
Miscellaneous,Federation University Australia Gippsland,Federation University Australia Gippsland Student Services Unit
Miscellaneous,Federation University Australia Gippsland,Federation University Australia IT Service Centre Gippsland
Faculty of Arts,School of Media Film and Journalism,Film and Screen Studies
Chief Financial Officer and Senior Vice-President,Office of the Deputy Chief Financial Officer and Executive Director Corporate Finance Division,Finance Strategy and Operations
Chief Financial Officer and Senior Vice-President,Office of the Deputy Chief Financial Officer and Executive Director Corporate Finance Division,Financial Accounting
Chief Financial Officer and Senior Vice-President,Corporate Finance Division,Financial Accounting
Faculty of Business and Economics,Department of Accounting,Financial Accounting and Auditing
Vice-Chancellor and President,Office of the Deputy Vice Chancellor (Research) and Senior Vice President,Fire to Flourish
Chief Operating Officer and Senior Vice-President,Monash HR,Flexible Administration Services Team (FAST)
Faculty of Medicine Nursing and Health Sciences,Faculty of Medicine Nursing and Health Sciences Research Platforms,FlowCore
Faculty of Arts,School of Languages Literature Cultures and Linguistics,French Studies
Vice-Chancellor and President,Monash University Performing Arts Centres Operations,George Jenkins Theatre
Faculty of Arts,School of Languages Literature Cultures and Linguistics,German Studies
Chief Operating Officer and Senior Vice-President,University Marketing Admissions and Communications (UMAC),Global Conversion
eSolutions and Student Services,eSolutions,Google Applications
Vice-Chancellor and President,Office of the Deputy Vice-Chancellor (Enterprise and Engagement) and Senior Vice-President,Government Relations and Precincts
Vice-Chancellor and President,Office of the Deputy Vice Chancellor (Research) and Senior Vice President,Graduate Research Office
Chief Operating Officer and Senior Vice-President,Student and Education Business Services,Graduations
eSolutions and Student Services,Monash Connect,Graduations
eSolutions and Student Services,Student Services,Graduations
Chief Financial Officer and Senior Vice-President,Corporate Finance Division,Group Accounting
Chief Financial Officer and Senior Vice-President,Office of the Deputy Chief Financial Officer and Executive Director Corporate Finance Division,Group Accounting
Chief Financial Officer and Senior Vice-President,Office of the Deputy Chief Financial Officer and Executive Director Corporate Finance Division,Group Accounting and Taxation
Provost and Senior Vice-President,Monash University Library,Hargrave Andrew Library
eSolutions and Student Services,eSolutions,Health Informatics and Technology Solutions
Chief Operating Officer and Senior Vice-President,Campus Community Division,Health Services Caulfield
Chief Operating Officer and Senior Vice-President,Campus Community Division,Health Services Clayton
Faculty of Medicine Nursing and Health Sciences,School of Public Health and Preventive Medicine,Health Systems Services and Policy
Faculty of Medicine Nursing and Health Sciences,Central Clinical School,HER Centre Australia
Faculty of Medicine Nursing and Health Sciences,School of Biomedical Sciences,Histology
Faculty of Arts,School of Philosophical Historical and International Studies (SOPHIS),History
Chief Operating Officer and Senior Vice-President,Monash HR,HR Business Partnering
Chief Operating Officer and Senior Vice-President,Monash HR,HR Business Support
Chief Operating Officer and Senior Vice-President,Monash HR,HR Projects
Chief Operating Officer and Senior Vice-President,Monash HR,HR Services and Analytics
Faculty of Medicine Nursing and Health Sciences,School of Clinical Sciences at Monash Health,Hudson Affiliates
Faculty of Medicine Nursing and Health Sciences,School of Clinical Sciences at Monash Health,Hudson Centre for Cancer Research
Faculty of Medicine Nursing and Health Sciences,School of Clinical Sciences at Monash Health,Hudson Centre for Endocrinology and Metabolism
Faculty of Medicine Nursing and Health Sciences,School of Clinical Sciences at Monash Health,Hudson Centre for Innate Immunity and Infectious Disease
Faculty of Medicine Nursing and Health Sciences,School of Clinical Sciences at Monash Health,Hudson Centre for Reproductive Health
Faculty of Medicine Nursing and Health Sciences,School of Clinical Sciences at Monash Health,Hudson Department of Molecular and Translational Science MTS
Faculty of Medicine Nursing and Health Sciences,School of Clinical Sciences at Monash Health,Hudson The Ritchie Centre
Faculty of Arts,School of Social Sciences,Human Geography
eSolutions and Student Services,eSolutions,Identity Services
Faculty of Medicine Nursing and Health Sciences,Central Clinical School,Immunology Alfred Hospital
Faculty of Arts,School of Languages Literature Cultures and Linguistics,Indonesian Studies
Provost and Senior Vice-President,Monash University Library,Information Resources Department
eSolutions and Student Services,eSolutions,Infrastructure Platforms
eSolutions and Student Services,eSolutions,Infrastructure Productivity
Provost and Senior Vice-President,Office of the Vice-Provost (Research),Institute for Safety Compensation and Recovery Research (ISCRR)
Vice-Chancellor and President,Office of the Deputy Vice-Chancellor (Enterprise and Engagement) and Senior Vice-President,Institute for Safety Compensation and Recovery Research (ISCRR)
Faculty of Engineering,Mechanical and Aerospace Engineering,Institute of Railway Technology
Vice-Chancellor and President,Office of the Deputy Vice Chancellor (Research) and Senior Vice President,Institute of Vector Borne Disease (IVbD)
Vice-Chancellor and President,Office of the Deputy Vice-Chancellor (Enterprise and Engagement) and Senior Vice-President,Intelligence and Insights
Chief Operating Officer and Senior Vice-President,Monash HR,Internal Placements and Temporary Recruitment
eSolutions and Student Services,Student Services,International Student Experience
Chief Operating Officer and Senior Vice-President,University Marketing Admissions and Communications (UMAC),International Student Recruitment
Chief Operating Officer and Senior Vice-President,Office of Student Recruitment and Admissions,International Student Recruitment
Faculty of Arts,School of Languages Literature Cultures and Linguistics,Italian Studies
eSolutions and Student Services,eSolutions,IT Service Desk
Faculty of Arts,School of Languages Literature Cultures and Linguistics,Japanese Studies
Faculty of Arts,School of Languages Literature Cultures and Linguistics,Japanese Studies Centre
Faculty of Arts,School of Media Film and Journalism,Journalism
Faculty of Arts,School of Languages Literature Cultures and Linguistics,Korean Studies
Faculty of Arts,School of Languages Literature Cultures and Linguistics,Language and Society Centre
Provost and Senior Vice-President,Monash University Library,Law Library
Chief Operating Officer and Senior Vice-President,Monash HR,Leadership Development
Faculty of Business and Economics,Business and Economics Faculty Office,Leadership Executive Education Services
Provost and Senior Vice-President,Monash University Library,Library Education Division
Provost and Senior Vice-President,Monash University Library,Library Information Systems
Provost and Senior Vice-President,Monash University Library,Library Research Division
Faculty of Arts,School of Languages Literature Cultures and Linguistics,Linguistics
Faculty of Arts,Arts Research Graduate Sch,Literary and Cultural Studies HDR Program
Faculty of Arts,School of Languages Literature Cultures and Linguistics,Literary Studies
Faculty of Medicine Nursing and Health Sciences,School of Biomedical Sciences,Macromolecular Crystallisation Facility
Faculty of Engineering,Mechanical and Aerospace Engineering,Maintenance Technology Institute
Faculty of Business and Economics,Department of Accounting,Management Accounting and Accounting Information Systems
Chief Operating Officer and Senior Vice-President,University Marketing Admissions and Communications (UMAC),Marketing Infrastructure
Chief Operating Officer and Senior Vice-President,Office of Student Recruitment and Admissions,Market Research and Analytics
Chief Operating Officer and Senior Vice-President,University Marketing Admissions and Communications (UMAC),Market Research and Analytics
Faculty of Medicine Nursing and Health Sciences,MARP Directorate,MARP Administration
Faculty of Medicine Nursing and Health Sciences,MARP Directorate,MARP Animal Research Laboratory
Faculty of Medicine Nursing and Health Sciences,MARP Directorate,MARP Large Animal Facility
Faculty of Medicine Nursing and Health Sciences,MARP Directorate,MARP Monash Medical Centre
Faculty of Medicine Nursing and Health Sciences,MARP Directorate,MARP NH and MRC
Faculty of Medicine Nursing and Health Sciences,MARP Directorate,MARP Pharmacy and Pharmaceutical Sciences
Faculty of Medicine Nursing and Health Sciences,MARP Directorate,MARP Production and Large Animals
Faculty of Medicine Nursing and Health Sciences,MARP Directorate,MARP Rodent Breeding and Research Facility
Vice-Chancellor and President,Office of the Deputy Vice-Chancellor (Education) and Senior Vice-President,McKinnon Institute for Political Leaders
Faculty of Medicine Nursing and Health Sciences,School of Primary and Allied Health Care,Medical Imaging and Radiation Sciences
Faculty of Medicine Nursing and Health Sciences,Central Clinical School,Medicine Alfred Hospital
Faculty of Medicine Nursing and Health Sciences,School of Clinical Sciences at Monash Health,Medicine Monash Health
Faculty of Medicine Nursing and Health Sciences,Medicine Nursing and Health Sciences Faculty Office,Medicine Nursing and Health Sciences Education Portfolio
Vice-Chancellor and President,Office of the Deputy Vice Chancellor (Research) and Senior Vice President,Melbourne Centre for Nanofabrication
Faculty of Medicine Nursing and Health Sciences,Central Clinical School,Melbourne Sexual Health Clinic
Faculty of Medicine Nursing and Health Sciences,School of Public Health and Preventive Medicine,Metabolism Ageing Genomics
Faculty of Arts,School of Media Film and Journalism,MFJ Graduate Studies
Faculty of Medicine Nursing and Health Sciences,School of Biomedical Sciences,Microbiology
Faculty of Medicine Nursing and Health Sciences,School of Biomedical Sciences,Micromon
eSolutions and Student Services,eSolutions,Microsoft Services
Faculty of Medicine Nursing and Health Sciences,Medicine Nursing and Health Sciences Faculty Office,MNHS Multimedia Unit
Provost and Senior Vice-President,Office of the Pro Vice-Chancellor (International),Monash Abroad
Vice-Chancellor and President,Office of the Pro Vice-Chancellor (International),Monash Abroad
Faculty of Medicine Nursing and Health Sciences,Sub Faculty of Translational Medicine and Public Health,Monash Alfred Baker Centre for Cardiovascular Research
Faculty of Medicine Nursing and Health Sciences,Faculty of Medicine Nursing and Health Sciences Research Platforms,Monash Antibody Discovery Platform
Faculty of Arts,School of Philosophical Historical and International Studies (SOPHIS),Monash Bioethics Centre
Faculty of Medicine Nursing and Health Sciences,School of Biomedical Sciences,Monash Bioinformatics Platform
Pro Vice-Chancellor (Research),Office of the Vice-Provost (Research and Research Infrastructure),Monash Biomedical Imaging
Provost and Senior Vice-President,Office of the Vice-Provost (Research and Research Infrastructure),Monash Biomedical Imaging
Vice-Chancellor and President,Office of the Deputy Vice Chancellor (Research) and Senior Vice President,Monash Biomedical Imaging
Faculty of Business and Economics,Monash Business School,Monash Business School BIB
Faculty of Business and Economics,Monash Business School,Monash Business School Entrepreneurship
Faculty of Business and Economics,Monash Business School,Monash Business School Executive Education
Faculty of Business and Economics,Monash Business School,Monash Business School Global Executive MBA
Faculty of Business and Economics,Monash Business School,Monash Business School Master of Project Management
Faculty of Business and Economics,Monash Business School,Monash Business School MBA
Vice-Chancellor and President,Office of the Deputy Vice Chancellor (Research) and Senior Vice President,Monash Centre for Electron Microscopy
Faculty of Business and Economics,Business and Economics External Engagement,Monash Centre for Financial Studies
Faculty of Medicine Nursing and Health Sciences,School of Clinical Sciences at Monash Health,Monash Centre for Health Research and Implementation
Vice-Chancellor and President,Office of the Deputy Vice-Chancellor (Education) and Senior Vice-President,Monash Centre for Professional Development and Monash Online Education
Faculty of Medicine Nursing and Health Sciences,Medicine Nursing and Health Sciences Faculty Office,Monash Centre for Scholarship in Health Education (MCSHE)
eSolutions and Student Services,Student Services,Monash Connect
eSolutions and Student Services,Monash Connect,Monash Connect Communications
Vice-Chancellor and President,Office of the Deputy Vice Chancellor (Research) and Senior Vice President,Monash Data Futures Institute
Vice-Chancellor and President,Office of the Deputy Vice-Chancellor (Education) and Senior Vice-President,Monash Education Academy
Provost and Senior Vice-President,Office of the Vice-Provost (Research and Research Infrastructure),Monash e-Research Centre
Vice-Chancellor and President,Office of the Deputy Vice Chancellor (Research) and Senior Vice President,Monash e-Research Centre
Faculty of Arts,School of Social Sciences,Monash Gender and Family Violence Prevention Centre
Faculty of Arts,School of Social Sciences,Monash Gender Peace and Security Centre
Faculty of Medicine Nursing and Health Sciences,Faculty of Medicine Nursing and Health Sciences Research Platforms,Monash Genome Modification Platform
Faculty of Medicine Nursing and Health Sciences,School of Biomedical Sciences,Monash Immunology and Stem Cell Laboratories
Faculty of Arts,School of Philosophical Historical and International Studies (SOPHIS),Monash Indigenous Studies Centre (MISC)
Vice-Chancellor and President,Office of the Deputy Vice-Chancellor (Education) and Senior Vice-President,Monash Learning and Teaching
Faculty of Medicine Nursing and Health Sciences,School of Biomedical Sciences,Monash Metabolic Phenotyping Facility
Faculty of Medicine Nursing and Health Sciences,Faculty of Medicine Nursing and Health Sciences Research Platforms,Monash MicroImaging
Vice-Chancellor and President,Office of the Deputy Vice-Chancellor (Education) and Senior Vice-President,Monash Pearson Alliance
Chief Operating Officer and Senior Vice-President,Planning and Commercial Services,Monash Print Services
Vice-President (Services),Planning and Commercial Services,Monash Print Services
Chief Operating Officer and Senior Vice-President,Campus Community Division,Monash Residential Services
Vice-President (Services),Campus Community Division,Monash Residential Services
Chief Operating Officer and Senior Vice-President,Campus Community Division,Monash Residential Services Administration
Vice-President (Services),Campus Community Division,Monash Residential Services Administration
Chief Operating Officer and Senior Vice-President,Campus Community Division,Monash Residential Services Operations
Chief Operating Officer and Senior Vice-President,Planning and Commercial Services,Monash Retail
Chief Operating Officer and Senior Vice-President,Planning and Commercial Services,Monash Retail Clayton Bookshop
Chief Operating Officer and Senior Vice-President,Campus Community Division,Monash Sport
Vice-President (Services),Campus Community Division,Monash Sport
Chief Operating Officer and Senior Vice-President,Campus Community Division,Monash Sport Caulfield
Vice-President (Services),Campus Community Division,Monash Sport Caulfield
Chief Operating Officer and Senior Vice-President,Campus Community Division,Monash Sport Clayton
Vice-President (Services),Campus Community Division,Monash Sport Clayton
Chief Operating Officer and Senior Vice-President,Campus Community Division,Monash Sport Participation Program
Vice-President (Services),Campus Community Division,Monash Sport Participation Program
Chief Operating Officer and Senior Vice-President,Campus Community Division,Monash Sport Peninsula
Vice-Chancellor and President,Office of the Deputy Vice Chancellor (Research) and Senior Vice President,Monash Sustainable Development Institute
Provost and Senior Vice-President,Office of the Vice-Provost (Research),Monash University Accident Research Centre
Vice-Chancellor and President,Office of the Deputy Vice Chancellor (Research) and Senior Vice President,Monash University Accident Research Centre
Faculty of Medicine Nursing and Health Sciences,Medicine Nursing and Health Sciences Faculty Office,Monash University Clinical Trials Centre
Faculty of Medicine Nursing and Health Sciences,School of Rural Health,Monash University Department of Rural and Indigenous Health (MUDRIH)
Vice-Chancellor and President,Monash University Performing Arts Centres Operations,Monash University Performing Arts Centres Productions
Provost and Senior Vice-President,Monash University Library,Monash University Publishing
Vice-Chancellor and President,Office of the Deputy Vice Chancellor (Research) and Senior Vice President,MSDI Research
Vice-Chancellor and President,Office of the Deputy Vice Chancellor (Research) and Senior Vice President,MSDI Strategy and Engagement
Provost and Senior Vice-President,Monash Sustainable Development Institute,MSDI Water
Vice-Chancellor and President,Office of the Deputy Vice Chancellor (Research) and Senior Vice President,MSDI Water
Faculty of Arts,Sir Zelman Cowen School of Music and Performance,Musicology Ethnomusicology
Faculty of Medicine Nursing and Health Sciences,Central Clinical School,National Trauma Research Institute (NTRI)
eSolutions and Student Services,eSolutions,Network Platforms
eSolutions and Student Services,eSolutions,North East Service Centre
eSolutions and Student Services,eSolutions,North West Service Centre
Faculty of Medicine Nursing and Health Sciences,School of Clinical Sciences at Monash Health,Nutrition Dietetics and Food
Faculty of Medicine Nursing and Health Sciences,School of Clinical Sciences at Monash Health,Obstetrics and Gynaecology at Monash Health
Faculty of Medicine Nursing and Health Sciences,School of Primary and Allied Health Care,Occupational Therapy
Vice-Chancellor and President,Office of the Deputy Vice Chancellor (Research) and Senior Vice President,Office of Research Ethics and Integrity
Provost and Senior Vice-President,Office of the Vice-Provost (Research),Office of Research Grants and Development
Vice-Chancellor and President,Office of the Deputy Vice Chancellor (Research) and Senior Vice President,Office of Research Grants and Development
Vice-Chancellor and President,Office of the Deputy Vice-Chancellor (Education) and Senior Vice-President,Office of the Pro Vice-Chancellor (Academic)
Vice-Chancellor and President,Office of the Deputy Vice-Chancellor (Education) and Senior Vice-President,Office of the Pro Vice-Chancellor (Indigenous)
Vice-Chancellor and President,Office of the Deputy Vice-Chancellor (Enterprise and Engagement) and Senior Vice-President,Office of the Pro Vice-Chancellor (Industry Partnerships)
Vice-Chancellor and President,Office of the Deputy Vice Chancellor (Research) and Senior Vice President,Office of the Pro Vice-Chancellor (Research)
Vice-Chancellor and President,Office of the Deputy Vice Chancellor (Research) and Senior Vice President,Office of the Pro Vice-Chancellor (Research Infrastructure)
Vice-Chancellor and President,Office of the Deputy Vice Chancellor (Research) and Senior Vice President,Office of the Pro Vice-Chancellor (Research Training)
eSolutions and Student Services,Student Services,Online Assessment and Integrity Services OASIS
Provost and Senior Vice-President,Monash University Library,Operations and Management Services Division
Vice-President (Services),Campus Community Division,Orientation and Transition Programs
Faculty of Medicine Nursing and Health Sciences,School of Clinical Sciences at Monash Health,Paediatrics Monash Health
Chief Financial Officer and Senior Vice-President,Office of the Deputy Chief Financial Officer and Executive Director Corporate Finance Division,Payment Services
Chief Financial Officer and Senior Vice-President,Purchasing to Payment Services,Payment Services
Chief Operating Officer and Senior Vice-President,Monash HR,Payroll Services and Payroll Compliance
Faculty of Medicine Nursing and Health Sciences,Central Clinical School,Peninsula Clinical School
Provost and Senior Vice-President,Monash University Library,Peninsula Library
Chief Operating Officer and Senior Vice-President,Campus Community Division,Peninsula Residential Services
Faculty of Arts,Sir Zelman Cowen School of Music and Performance,Performance Classical
Faculty of Arts,Sir Zelman Cowen School of Music and Performance,Performance Jazz/Pop
Faculty of Medicine Nursing and Health Sciences,School of Biomedical Sciences,Pharmacology
Provost and Senior Vice-President,Monash University Library,Pharmacy Library
Faculty of Arts,School of Philosophical Historical and International Studies (SOPHIS),Philosophy
Faculty of Arts,Arts Research Graduate Sch,Philosophy HDR Program
Faculty of Medicine Nursing and Health Sciences,School of Biomedical Sciences,Physiology
Faculty of Medicine Nursing and Health Sciences,School of Primary and Allied Health Care,Physiotherapy
Faculty of Medicine Nursing and Health Sciences,School of Public Health and Preventive Medicine,Planetary Health
Chief Operating Officer and Senior Vice-President,University Marketing Admissions and Communications (UMAC),Planning Engagement and Brand
Faculty of Arts,School of Social Sciences,Politics and International Relations
Faculty of Arts,Sir Zelman Cowen School of Music and Performance,Popular Music
Faculty of Medicine Nursing and Health Sciences,School of Primary and Allied Health Care,Primary Care Research
Chief Financial Officer and Senior Vice-President,Office of the Deputy Chief Financial Officer and Executive Director Corporate Finance Division,Process Improvement
Chief Financial Officer and Senior Vice-President,Purchasing to Payment Services,Process Improvement
Chief Operating Officer and Senior Vice-President,Monash HR,Professional and Academic Recruitment
eSolutions and Student Services,eSolutions,Project Management Office
Faculty of Medicine Nursing and Health Sciences,School of Biomedical Sciences,Protein Production Platform
Faculty of Medicine Nursing and Health Sciences,School of Biomedical Sciences,Proteomics Platform
Faculty of Medicine Nursing and Health Sciences,School of Clinical Sciences at Monash Health,Psychiatry Monash Health
Faculty of Medicine Nursing and Health Sciences,School of Psychological Sciences,Psychology
Faculty of Medicine Nursing and Health Sciences,School of Psychological Sciences,Psychology Online
Vice-Chancellor and President,Office of the Pro Vice-Chancellor (Indonesia),Public Health Indonesia
Vice-Chancellor and President,Office of the Pro Vice-Chancellor (Indonesia),Public Policy Indonesia
Chief Financial Officer and Senior Vice-President,Office of the Deputy Chief Financial Officer and Executive Director Corporate Finance Division,Purchasing Services
Chief Financial Officer and Senior Vice-President,Purchasing to Payment Services,Purchasing Services
Faculty of Medicine Nursing and Health Sciences,School of Public Health and Preventive Medicine,Quantitative Research Methods
eSolutions and Student Services,eSolutions,Records Management
Faculty of Medicine Nursing and Health Sciences,School of Primary and Allied Health Care,Rehabilitation Ageing and Independent Living RAIL Research Center
Chief Operating Officer and Senior Vice-President,Monash HR,Remuneration and Global Mobility
eSolutions and Student Services,eSolutions,Research and Education Services Domain
Chief Financial Officer and Senior Vice-President,Office of the Deputy Chief Financial Officer and Executive Director Corporate Finance Division,Research and Revenue Accounting Services
Chief Financial Officer and Senior Vice-President,Office of the Deputy Chief Financial Officer and Executive Director Corporate Finance Division,Research and Revenue Business Partnering
Chief Financial Officer and Senior Vice-President,Research and Revenue Accounting Services,Research and Revenue Business Partnering
Chief Financial Officer and Senior Vice-President,Research and Revenue Accounting Services,Research and Revenue Hub 1 Non Lab Based Faculties
Chief Financial Officer and Senior Vice-President,Office of the Deputy Chief Financial Officer and Executive Director Corporate Finance Division,Research Finance Business Processes
Chief Financial Officer and Senior Vice-President,Research and Revenue Accounting Services,Research Finance Business Processes
Chief Operating Officer and Senior Vice-President,Campus Community Division,Residential Support
Vice-President (Services),Campus Community Division,Residential Support
Vice-Chancellor and President,Office of the Deputy Vice-Chancellor (Education) and Senior Vice-President,Respectful Communities
Vice-President (Services),Campus Community Division,Respectful Communities
Chief Financial Officer and Senior Vice-President,Office of the Deputy Chief Financial Officer and Executive Director Corporate Finance Division,Revenue Accounting Services
Chief Financial Officer and Senior Vice-President,Research and Revenue Accounting Services,Revenue Accounting Services
Vice-Chancellor and President,Office of the Deputy Vice Chancellor (Research) and Senior Vice President,Revitalising Informal Settlements and their Environments (RISE)
Vice-Chancellor and President,Office of the Deputy Vice-Chancellor (Enterprise and Engagement) and Senior Vice-President,Risk and Compliance Unit
Faculty of Medicine Nursing and Health Sciences,School of Rural Health,Rural Health Bendigo
Faculty of Medicine Nursing and Health Sciences,School of Rural Health,Rural Health Churchill
Faculty of Medicine Nursing and Health Sciences,School of Rural Health,Rural Health East and South Gippsland
Faculty of Medicine Nursing and Health Sciences,School of Rural Health,Rural Health Gippsland
Faculty of Medicine Nursing and Health Sciences,School of Rural Health,Rural Health Mildura
Faculty of Medicine Nursing and Health Sciences,School of Rural Health,Rural Nursing and Allied Health Program
Chief Operating Officer and Senior Vice-President,Student and Education Business Services,Scheduling Services
eSolutions and Student Services,Student Services,Scheduling Services
eSolutions and Student Services,Student and Education Business Services,Scheduling Services
Faculty of Medicine Nursing and Health Sciences,School of Public Health and Preventive Medicine,School of Public Health and Preventive Medicine Health Economics Group
eSolutions and Student Services,eSolutions,Service Delivery Management
eSolutions and Student Services,eSolutions,Service Management Office (SMO)
eSolutions and Student Services,eSolutions,Shared and Campus Services
Provost and Senior Vice-President,Monash University Library,Sir Louis Matheson Library
Faculty of Arts,School of Languages Literature Cultures and Linguistics,Slavic Studies
Faculty of Medicine Nursing and Health Sciences,School of Public Health and Preventive Medicine,Social Sciences Research
Faculty of Medicine Nursing and Health Sciences,School of Primary and Allied Health Care,Social Work
Faculty of Arts,School of Social Sciences,Sociology and Anthropology
eSolutions and Student Services,eSolutions,SOE Engineering
eSolutions and Student Services,eSolutions,South East Service Centre
eSolutions and Student Services,eSolutions,South West and Regional Service Centre
Faculty of Arts,School of Languages Literature Cultures and Linguistics,Spanish and Latin American Studies
Chief Operating Officer and Senior Vice-President,Monash HR,Staff Equity and Diversity
Chief Financial Officer and Senior Vice-President,Office of the Deputy Chief Financial Officer and Executive Director Corporate Finance Division,Stores
Chief Financial Officer and Senior Vice-President,Purchasing to Payment Services,Stores
Vice-Chancellor and President,Office of the Deputy Vice-Chancellor (Enterprise and Engagement) and Senior Vice-President,Strategic Delivery
eSolutions and Student Services,eSolutions,Strategic Operations
Chief Financial Officer and Senior Vice-President,Office of the Deputy Chief Financial Officer and Executive Director Corporate Finance Division,Strategic Procurement
Vice-Chancellor and President,Office of the Deputy Vice-Chancellor (Education) and Senior Vice-President,Student Academic Success
eSolutions and Student Services,Student Services,Student and Education Business Services
eSolutions and Student Services,eSolutions,Student Domain
Chief Operating Officer and Senior Vice-President,Campus Community Division,Student Engagement and Campus Experience
Vice-President (Services),Campus Community Division,Student Engagement and Campus Experience
Vice-Chancellor and President,Office of the Deputy Vice-Chancellor (Education) and Senior Vice-President,Student Experience
Chief Operating Officer and Senior Vice-President,Student and Education Business Services,Student Fees
eSolutions and Student Services,Student Services,Student Fees
Chief Operating Officer and Senior Vice-President,Student and Education Business Services,Student Finance
eSolutions and Student Services,Student Services,Student Finance
eSolutions and Student Services,eSolutions,Student First
Chief Operating Officer and Senior Vice-President,Campus Community Division,Student Performance Representation and Engagement Programs (PREP)
Vice-President (Services),Campus Community Division,Student Performance Representation and Engagement Programs (PREP)
eSolutions and Student Services,eSolutions,Support Services and Engagement
Faculty of Medicine Nursing and Health Sciences,Central Clinical School,Surgery Alfred Hospital
Faculty of Medicine Nursing and Health Sciences,School of Clinical Sciences at Monash Health,Surgery Monash Health
Provost and Senior Vice-President,Monash Sustainable Development Institute,Sustainable Development Education
Vice-Chancellor and President,Office of the Deputy Vice Chancellor (Research) and Senior Vice President,Sustainable Development Education
Chief Operating Officer and Senior Vice-President,Monash HR,Talent Development
Chief Operating Officer and Senior Vice-President,Monash HR,Talent Engagement and Development
Chief Financial Officer and Senior Vice-President,Office of the Deputy Chief Financial Officer and Executive Director Corporate Finance Division,Tax Accounting
Faculty of Medicine Nursing and Health Sciences,School of Public Health and Preventive Medicine,Teaching and Learning
eSolutions and Student Services,eSolutions,Technology Services
Faculty of Arts,School of Philosophical Historical and International Studies (SOPHIS),The Centre for Ancient Cultures
Faculty of Arts,School of Languages Literature Cultures and Linguistics,The Monash Intercultural Lab (MIL)
Chief Operating Officer and Senior Vice-President,Planning and Commercial Services,The Monash Merchant
Vice-President (Services),Planning and Commercial Services,The Monash Merchant
Faculty of Art Design and Architecture,Department of Fine Art,Theory of Art and Design
Faculty of Arts,School of Languages Literature Cultures and Linguistics,Translation Studies
Chief Financial Officer and Senior Vice-President,Capital Financing,Treasury
Chief Financial Officer and Senior Vice-President,Corporate Finance Division,Treasury
Faculty of Medicine Nursing and Health Sciences,School of Psychological Sciences,Turner Institute for Brain and Mental Health
Faculty of Arts,School of Languages Literature Cultures and Linguistics,Ukrainian Studies
Faculty of Medicine Nursing and Health Sciences,Central Clinical School,Undergraduate Teaching Alfred Hospital
Chief Operating Officer and Senior Vice-President,Campus Community Division,University Health Service
Vice-Chancellor and President,Office of the Deputy Vice-Chancellor (Enterprise and Engagement) and Senior Vice-President,University Planning and Performance
Provost and Senior Vice-President,Monash University Library,University Publishing
eSolutions and Student Services,eSolutions,User Device Services
Faculty of Medicine Nursing and Health Sciences,Medicine Nursing and Health Sciences Faculty Office,Victorian Heart Institute (VHI)
eSolutions and Student Services,eSolutions,Virtual and Augmented Reality Services
Vice-Chancellor and President,Office of the Deputy Vice Chancellor (Research) and Senior Vice President,Water Sensitive Cities
eSolutions and Student Services,eSolutions,Web
Vice-Chancellor and President,Office of the Deputy Vice-Chancellor (Education) and Senior Vice-President,William Cooper Institute
Faculty of Arts,School of Social Sciences,Womens Studies and Gender Research
Chief Operating Officer and Senior Vice-President,Monash HR,Workforce Analytics
Chief Operating Officer and Senior Vice-President,Monash HR,Workplace Relations
